Aula 1 - Treinamento anestesia	WhatsApp Image 2026-03-16 at 22.36.52 _2_.jpeg	257556	2026-04-29T21:38:27.443Z	image/jpeg
aula1 teste	aula-2026-04-29T21-37-47-1.mp4	947443	2026-04-30T13:49:54.244Z	video/mp4
aula1 - blender	aula-2026-04-30T22-30-07-1.mp4	4045633	2026-04-30T22:31:56.573Z	video/mp4
aula1 teste	1.png	638629	2026-05-01T02:09:17.576Z	image/png
teste	aula-2026-05-01T22-15-18.mp4	4139813	2026-05-01T22:15:18.976Z	video/mp4
silas teste	aula-2026-05-01T22-17-19.mp4	2967635	2026-05-01T22:17:19.212Z	video/mp4
aaaaateste	aula-2026-05-01T23-04-38.mp4	21631515	2026-05-01T23:04:38.726Z	video/mp4
atateste	aula-2026-05-01T23-09-18.mp4	14481911	2026-05-01T23:09:18.295Z	video/mp4
atateste	aula-2026-05-02T01-39-51.mp4	60472843	2026-05-02T01:39:52.406Z	video/mp4
garcia	aula-2026-05-02T01-54-15.mp4	59371638	2026-05-02T01:54:16.298Z	video/mp4
vv	aula-2026-05-07T01-51-43.mp4	352602608	2026-05-07T01:51:48.204Z	video/mp4
murilo-boi	aula-2026-05-07T17-20-09.mp4	202730	2026-05-07T17:20:09.762Z	video/mp4
